id,titulo,categoria,tamanio,titulo2,autoridad,descripcion,frecuencia,destacado,source,detalle,que_es,cuando
206,subte viajes molinetes,movilidad,179733220,subte: viajes molinetes,Desarrollo Urbano y Transporte,Cantidad de pasajeros por molinete de todas las estaciones de la red de Subte a partir de Junio de 2013.,Mensual,matrix,molinetes.csv,Molinetes 2018,Cantidad de pasajeros por molinete en cada estación en rangos de a 15 minutos y discriminando según tipo de pasaje correspondiente al año 2018.,01/08/2018
2,alto riesgo fiscal,actividad_economica,77327470,alto riesgo fiscal,Economía y Finanzas,Contiene razón social- CUIT- fecha de publicación y de vigencia de los contribuyentes responsables del Impuesto sobre los Ingresos Brutos considerados de alto riesgo fiscal.,Eventual,,,,,
114,bicicletas publicas,movilidad,65574370,bicicletas publicas,Desarrollo Urbano y Transporte,Información del sistema de transporte público de bicicletas desde sus inicios hasta la actualidad. Recorrido- horarios- detalles de origen y destino de cada uno de los viajes realizados.,Mensual,matrix,bicis.csv,,,
124,flujo vehicular por unidades de peaje ausa,movilidad,65244670,flujo vehicular por unidades de peaje ausa,Desarrollo Urbano y Transporte,Estadísticas históricas del paso de vehículos por las unidades de peaje para el período.,Mensual,,,,,
45,sistema unico de atencion ciudadana,administracion,48023320,sistema unico de atencion ciudadana,Jefatura de Gabinete de Ministros,Descripción de los contactos realizados al Sistema Único de Atención Ciudadana (SUACI). Incluyendo fecha- concepto y referencia geográfica.,Mensual,matrix,sudac.csv,,,
24,codigo de planeamiento urbano,administracion,22410520,codigo de planeamiento urbano,Desarrollo Urbano y Transporte,Mapa del Código de Planeamiento Urbano. Uso del suelo- edificios- estructuras e instalaciones- subdivisión y englobamiento de parcelas- volúmenes edificables- tejido urbano- preservación de ámbitos históricos- etc.,Eventual,,,,,
205,subte trenes despachados,movilidad,15805420,subte: trenes despachados,Desarrollo Urbano y Transporte,Estado de flota y descripción de las formaciones despachadas en todas las líneas del Subte.,Mensual,,,,,
63,areas de proteccion historica,cultura,13558720,areas de proteccion historica,Desarrollo Urbano y Transporte,Información sobre las zonas de la Ciudad consultadas para ser consideradas áreas con valor patrimonial que poseen gran calidad urbana y arquitectónica.,Mensual,,,,,
42,relevamiento usos del suelo,administracion,11131120,relevamiento usos del suelo,Desarrollo Urbano y Transporte,Información de tipología edilicia y usos de todas las parcelas de la urbe.,Bianual,,,,,
38,presupuesto ejecutado,administracion,8649370,presupuesto ejecutado,Economía y Finanzas,Contiene todos los gastos ejecutados que demanda el desenvolvimiento de los órganos del gobierno central- de los entes descentralizados y comunas- el servicio de la deuda pública- las inversiones patrimoniales y los recursos para cubrir tales erogaciones,Trimestral,,,,,
32,elecciones 2015,administracion,8636470,elecciones 2015,Justicia y Seguridad,Información sobre la elección de Jefe y Vicejefe de Gobierno- legisladores y Junta Comunal de la Ciudad de Buenos Aires.,Eventual,,,,,
177,parcelas,urbanismo,7444720,parcelas,Desarrollo Urbano y Transporte,El dataset contiene los polígonos de las parcelas de la Ciudad Autónoma de Buenos Aires.,Quincenal,,,,,
39,presupuesto sancionado,administracion,6411070,presupuesto sancionado,Economía y Finanzas,"Contiene todos los gastos que demande el desenvolvimiento de los órganos del gobierno central, de los entes descentralizados y comunas, el servicio de la deuda pública, las inversiones patrimoniales y los recursos para cubrir tales erogaciones. En particular los recursos publicados detallan la distribución de los créditos aprobados al máximo nivel de desagregación.",Anual,,,,,
202,sistema de administracion de documentos electronicos pase de expedientes,administracion,5000020,sistema de administracion de documentos electronicos: pase de expedientes,Jefatura de Gabinete de Ministros,Movimiento de expedientes según el Sistema de Administración de Documentos Electrónicos(SADE),Mensual,,,,,
44,servicio de informacion normativa,administracion,4074970,servicio de informacion normativa,SECR Legal y Técnica,Normas publicadas por el Gobierno de la Ciudad Autónoma de Buenos Aires y la Municipalidad de la Ciudad de Buenos Aires- en el Boletín Municipal y en el Boletín Oficial desde el 6/8/1996.,anual,,,,,
50,arbolado publico lineal,ambiente,3726970,arbolado publico lineal,Educación e Innovación,Información geolocalizada de los árboles en el espacio público (traza urbana) de la Ciudad de Buenos Aires según su especie.,Eventual,,,,,
53,contaminacion sonora,ambiente,3152770,contaminacion sonora,Ambiente y Espacio Público,Niveles de contaminación sonora medidos por la red de monitoreo de la Ciudad.,Mensual,,,,,
110,inscripcion escolar,educacion,2663470,inscripcion escolar,Educación e Innovación,Información correspondientes a las inscripciones escolares de la Ciudad de Buenos Aires.,Semestral,,,,,
31,elecciones 2013,administracion,2446120,elecciones 2013,Justicia y Seguridad,Resultados definitivos de las elecciones a legisladores porteños desarrolladas en el 2013.,Eventual,,,,,
191,buenos aires compras bac,administracion,2168770,buenos aires compras (bac),Economía y Finanzas,Corresponde a los procesos de compras llevados a cabo por cada una de las diferentes reparticiones del Gobierno de la Ciudad de a través del sistema BAC (BUENOS AIRES COMPRAS),Trimestral,,,,,
194,encuesta en centros de atencion turistica cat,cultura,2138920,encuesta en centros de atencion turistica (cat),SECR General y Relaciones Internacionales,Información sobre la encuesta censal en Centros de Atención Turística (CATs) realizadas en 2016.,Anual,,,,,
36,pauta publicitaria,administracion,2085820,pauta publicitaria,SECR de Medios,Montos -IVA incluído- destinados a las contrataciones de publicidad que realiza el Gobierno de la Ciudad según los distintos proveedores del ramo.,Anual,,,,,
7,ejecucion fiscal morosos y embargos trabados,actividad_economica,2031520,ejecucion fiscal morosos y embargos trabados,Economía y Finanzas,Listado de las ejecuciones fiscales a contribuyentes morosos y embargos trabados llevados a cabo por la Subdirección General de Cobranzas.,Eventual,,,,,
168,departamentos en venta,urbanismo,1785970,departamentos en venta,Desarrollo Urbano y Transporte,Relevamiento muestral de los avisos publicados para la venta de departamentos ubicados en la Ciudad de Buenos Aires desde el año 2001.,Anual,,,,,
156,inspecciones a las obras,seguridad,1412770,inspecciones a las obras,Gobierno,Información sobre las inspecciones a las obras en construcción realizadas por la Dirección General de Protección de Trabajo,Mensual,,,,,
127,seguridad vial autopistas ausa,movilidad,948970,seguridad vial autopistas ausa,Desarrollo Urbano y Transporte,Detalle de hechos que requirieron atención por parte de Seguridad de Vial de AUSA.,Mensual,,,,,
51,calidad de aire,ambiente,888370,calidad de aire,Ambiente y Espacio Público,Información diaria de los niveles medios de monóxido de carbono- dióxido de nitrógeno y material particulado respirable menor a 10 micrones medidos en la Ciudad.,Mensual,,,,,
169,elevacion terreno,urbanismo,838720,elevacion terreno,Desarrollo Urbano y Transporte,Curvas de nivel de la Ciudad de Buenos Aires,Eventual,,,,,
55,informacion meteorologica,ambiente,517420,informacion meteorologica,Ambiente y Espacio Público,Información meteorológica recolectada por Torres de Monitoreo Inteligente (TMI) distribuidas en distintos puntos de la Ciudad.,Tiempo Real,,,,,
49,arbolado en espacios verdes,ambiente,515020,arbolado en espacios verdes,Educación e Innovación,Información geolocalizada de los árboles en espacios verdes (jardín- parque- patio recreativo- plaza- plazoleta- cantero y polideportivo) de la Ciudad de Buenos Aires según su especie.,Eventual,,,,,
129,transportes autorizados de pasajeros,movilidad,452320,transportes autorizados de pasajeros,Desarrollo Urbano y Transporte,Contiene el listado de los transportes escolares- las remiserías y las empresas de radiotaxis autorizados.,Bimestral,,,,,
176,operativos de defensa civil,urbanismo,452170,operativos de defensa civil,Justicia y Seguridad,Información de las intervenciones realizadas por Defensa Civil de la Ciudad con referencia geográfica.,Anual,,,,,
149,nacimientos,salud,375220,nacimientos,Economía y Finanzas,Nacimientos registrados en la Ciudad de Buenos Aires en 2016.,Anual,,,,,
163,calles,urbanismo,302170,calles,Educación e Innovación,Referencia geográfica de las calles de la Ciudad de Buenos Aires- incluyendo el sentido de las mismas.,Trimestral,,,,,
184,sumideros,urbanismo,276820,sumideros,Educación e Innovación,Ubicación geográfica y denominación de los sumideros de la red pluvial de la Ciudad.,Anual,,,,,
203,subte cronograma de servicio,movilidad,266170,subte: cronograma de servicio,Desarrollo Urbano y Transporte,Cronograma de servicio del Subte de Buenos Aires según período del año.,Semestral,,,,,
54,espacios verdes,ambiente,261070,espacios verdes,Educación e Innovación,Límites y ubicación geográfica de los espacios verdes de la Ciudad (jardín- parque- patio recreativo- plaza- plazoleta- cantero y polideportivo).,Mensual,matrix,ev.csv,,,
76,descargas de aplicaciones,cultura,255220,descargas de aplicaciones,Educación e Innovación,Cantidad de descargas de las aplicaciones oficiales del Gobierno de la Ciudad según el sistema operativo utilizado.,Mensual,,,,,
171,manzanas,urbanismo,247570,manzanas,Educación e Innovación,Límites y ubicación geográfica de las manzanas de la Ciudad.,Eventual,,,,,
210,terrenos valor de oferta,actividad_economica,238120,terrenos: valor de oferta,Desarrollo Urbano y Transporte,Precio de oferta de venta de terrenos de la Ciudad Autónoma de Buenos Aires- representado en puntos de valor del suelo correspondientes a cada parcela .,Trimestral,,,,,
179,rampas de accesibilidad,urbanismo,237820,rampas de accesibilidad,Educación e Innovación,Ubicación de las rampas en la vía pública para personas con movilidad reducida.,Anual,,,,,
157,locales bailables,seguridad,179020,locales bailables,AGC,Locales inscriptos ante la Dirección General de Habilitaciones y Permisos en el Registro Público de Lugares Bailables y Eventos Masivos.,Semanal,trip,lb.csv,,,
118,colectivos,movilidad,178270,colectivos,Educación e Innovación,Recorrido de los colectivos que circulan por la Ciudad de Buenos Aires según información de mapa.buenosaires.gob.ar,Anual,,,,,
46,solicitudes y reclamos de la defensoria del pueblo,administracion,167320,solicitudes y reclamos de la defensoria del pueblo,Gobierno,Información de las solicitudes y reclamos presentados por la Defensoría del Pueblo de la Ciudad de Buenos Aires ante el Gobierno de la Ciudad de Buenos Aires durante el periodo 2016.,Semestral,,,,,
175,obras registradas,urbanismo,156370,obras registradas,Desarrollo Urbano y Transporte,Obras civiles- públicas y privadas- nuevas o de remodelación registradas ante la Dirección General de Registro de Obras y Catastro.,Mensual,,,,,
99,set filmaciones,cultura,149920,set filmaciones,Economía y Finanzas,Información de los permisos solicitados para filmación en vía pública a través del sistema BAset.,Trimestral,trip,baset.csv,,,
1,actuaciones de fiscalizacion,actividad_economica,143020,actuaciones de fiscalizacion,Economía y Finanzas,Listado de los contribuyentes que se encuentran bajo proceso de inspección.,Eventual,,,,,
65,bafici,cultura,141220,bafici,Cultura,Contiene películas- directores- países- secciones- eventos y lugares correspondientes a cada una de las ediciones del Festival Internacional de Cine Independiente.,Eventual,,,,,
197,mapa de oportunidades comerciales moc,actividad_economica,136720,mapa de oportunidades comerciales (moc),Educación e Innovación,Datos que nutren el Mapa de Oportunidades Comerciales- una plataforma pública y gratuita que ofrece información sobre oportunidades a la hora de emprender.,Cuatrimestral,,,,,
186,veredas,urbanismo,135070,veredas,Educación e Innovación,El archivo muestra los polígonos de veredas de la Ciudad de Buenos Aires- generado a partir de la restitución del vuelo aéreo de 1997.,Eventual,,,,,
48,visitas a la web del gcba,administracion,128620,visitas a la web del gcba,Educación e Innovación,Información sobre el análisis del tráfico de visitas de la web del Gobierno de la Ciudad de Buenos Aires.,Mensual,,,,,
152,test de alerta sobre un noviazgo violento,salud,116470,test de alerta sobre un noviazgo violento,Hábitat y Desarrollo Humano,Información sobre las respuestas al test de Señales de Alerta en el noviazgo.,Trimestral,,,,,
17,padron de anuncios empadronados,actividad_economica,112720,padron de anuncios empadronados,Economía y Finanzas,Listado de publicidad efectuada mediante anuncios en la vía pública- o que se perciben desde la vía pública- o en lugares de acceso público- que tributan al Gobierno de la Ciudad,Eventual,,,,,
28,declaraciones juradas,administracion,106420,declaraciones juradas,SECR Legal y Técnica,Contiene las declaraciones juradas de los Funcionarios Públicos de las jurisdicciones con rango ministerial del Gobierno de la Ciudad de Buenos Aires.,Eventual,,,,,
93,nombres permitidos,cultura,98170,nombres permitidos,Justicia y Seguridad,Listado de nombres aprobados por el Registro Civil,Eventual,,,,,
173,mobiliario urbano,urbanismo,95920,mobiliario urbano,Ambiente y Espacio Público,Listado del mobiliario urbano colocado en la Ciudad.,Semestral,,,,,
209,teatro colon visitas guiadas,cultura,93970,teatro colon: visitas guiadas,Cultura,Asistentes a visitas guiadas al Teatro Colón desde 2011.,Mensual,,,,,
21,acceso a la informacion publica,administracion,87520,acceso a la informacion publica,Gobierno,Pedidos de acceso a la información pública solicitados al Gobierno de la Ciudad conforme a la Ley 104.,Semestral,,,,,
59,puntos verdes,ambiente,82420,puntos verdes,Ambiente y Espacio Público,Información sobre los centros de recepción de materiales reciclables.,Mensual,,,,,
155,empresas de seguridad privada habilitadas,seguridad,81370,empresas de seguridad privada habilitadas,Justicia y Seguridad,Listado de las empresas prestadoras de servicios de seguridad privada con habilitación vigente en la Ciudad.,Mensual,,,,,
85,ferias y mercados,cultura,77470,ferias y mercados,Ambiente y Espacio Público,Ferias no itinerantes- FIABs (Ferias Itinerantes de Abastecimiento Barrial) y Mercados fijos.,Quincenal,,,,,
192,centro de experimentacion del teatro colon archivo gerardo gandini,cultura,74770,centro de experimentacion del teatro colon: archivo gerardo gandini,Cultura,Incluye información sobre las obras- los artistas y técnicos que las realizaron- las fechas y los espacios en los que tuvieron lugar los espectáculos producidos o coproducidos por el Centro de Experimentación del Teatro Colón.,Anual,,,,,
19,transformadores pcb,actividad_economica,71770,transformadores pcb,Educación e Innovación,Mapa que permite conocer la ubicación y la potencia de los transformadores- el tipo de material aislante que utilizan y las concentraciones de PCBs de cada uno.,Anual,,,,,
170,informacion censal por radio,urbanismo,69670,informacion censal por radio,Educación e Innovación,Información censal de la Ciudad de Buenos Aires- desagregada por radios.,Eventual,,,,,
98,registro de guias de turismo,cultura,66820,registro de guias de turismo,SECR General y Relaciones Internacionales,Guías de turismo registrados en el Ente de Turismo de la Ciudad de Buenos Aires (ENTUR).,Quincenal,,,,,
41,registro de administradores de consorcio,administracion,64570,registro de administradores de consorcio,Jefatura de Gabinete de Ministros,Registro Público de Administradores de Consorcios,mensual,,,,,
151,portales inclusivos,salud,59170,portales inclusivos,Hábitat y Desarrollo Humano,Ubicación geográfica y demandas de los Portales Inclusivos (oficinas ubicadas en los barrios del sur de la Ciudad que cuentan con un equipo territorial permanente que es punto de enlace del Gobierno con toda la comunidad),Anual,,,,,
174,obras iniciadas,urbanismo,47620,,,"Listado de obras civiles, públicas y privadas, nuevas o de remodelación iniciadas (previamente registradas) en la Ciudad de Buenos Aires que cuentan con un profesional Director de Obra (DO) a cargo.",,,,,,
134,semaforos,obra,45670,semaforos,Desarrollo Urbano y Transporte,Listado de semáforos de la Ciudad de Buenos Aires- con ubicación geográfica y tipo de luminaria.,Eventual,,,,,
120,controladores de semaforos,movilidad,35620,controladores de semaforos,Desarrollo Urbano y Transporte,Listado de las ubicaciones de las Intersecciones Semaforizadas de la Ciudad Autónoma de Buenos Aires y de los Controladores instalados a ellas.,Anual,,,,,
109,establecimientos educativos,educacion,30820,establecimientos educativos,Educación e Innovación,Listado de los establecimientos educativos de la Ciudad. Incluye ubicación geográfica y datos de contacto.,Anual,,,,,
117,ciclovias,movilidad,29170,ciclovias,Educación e Innovación,Referencia geográfica de las ciclovías de la Ciudad de Buenos Aires.,Trimestral,,,,,
72,ciudad emergente,cultura,28720,ciudad emergente,Cultura,Listas de actividades- nombre- biografía- fotos y más información de los artistas presentes en el festival gratuito organizado por el Gobierno de la Ciudad de Buenos Aires.,Eventual,,,,,
67,bandas por barrios,cultura,27070,bandas por barrios,Vicejefatura de Gobierno,Información sobre el programa de promoción de músicos jóvenes de la Ciudad de Buenos Aires.,Trimestral,,,,,
66,bafici animado,cultura,24670,bafici animado,Cultura,Contiene películas- directores- países- secciones- eventos y lugares correspondientes a cada una de las ediciones del Festival Internacional de Cine Independiente de películas animadas.,Eventual,,,,,
105,ba obras,educacion,24370,ba obras,SECR General y Relaciones Internacionales,El dataset contiene información del Observatorio de Obras Urbanas (BA Obras).,Cuatrimestral,trip,obras.csv,,,
88,jardin botanico,cultura,23470,jardin botanico,Ambiente y Espacio Público,Lista las diversas especies vegetales que crecen y se reproducen en el Jardín Botánico- desde la cantidad de especies- el país de origen- etc.,Trimestral,,,,,
91,monumentos,cultura,22270,monumentos,Educación e Innovación,Información sobre los monumentos ubicados en plazas o paseos.,Anual,,,,,
75,dependencias culturales,cultura,20920,dependencias culturales,Educación e Innovación,Listado con ubicación geográfica de las dependencias culturales de la Ciudad incluyéndose librerías- bares- peñas- radios- bibliotecas- disquerías- museos- galerías de arte y calesitas de la Ciudad.,Anual,,,,,
47,sueldo funcionarios,administracion,20170,sueldo funcionarios,Economía y Finanzas,Detalle de sueldos percibidos por el Jefe- Vicejefe- Jefe de Gabinete de Ministros- Ministros y Secretarios del Gobierno de la Ciudad de Buenos Aires,Mensual,,,,,
164,campanas verdes,urbanismo,20020,campanas verdes,Educación e Innovación,Ubicación geográfica de las campanas verdes para dejar los materiales reciclables.,Trimestral,,,,,
143,donacion y trasplante de organos y tejidos en la ciudad de buenos aires,salud,18370,donacion y trasplante de organos y tejidos en la ciudad de buenos aires,Salud,Información desde 2012 a Diciembre 2017 sobre la donación y el trasplante en la Ciudad de Buenos Aires.,Trimestral,,,,,
23,capacitadores de manipuladores de alimentos,administracion,17170,capacitadores de manipuladores de alimentos,AGC,Registro de capacitadores que brindan capacitación en manipulación de alimentos.,Mensual,,,,,
148,manifestaciones a la donacion para trasplantes,salud,15220,manifestaciones a la donacion para trasplantes,Salud,Ubicación de los establecimientos autorizados para realizar Manifestaciones a la donación para trasplanteslas en las  Elecciones Legislativas de Octubre 2017.,Eventual,,,,,
196,legado juegos olimpicos de la juventud 2018,educacion,15220,legado - juegos olimpicos de la juventud 2018,Jefatura de Gabinete de Ministros,Alcance de dos programas que lleva a cabo el Comité Organizador de los Juegos Olímpicos de la Juventud Buenos Aires 2018 desde 2015: el Programa de Educación Olímpica y el Programa de Iniciación Deportiva.,Eventual,,,,,
145,farmacias,salud,13720,farmacias,Educación e Innovación,Registro de Farmacias ubicadas en la Ciudad Autónoma de Buenos Aires,Anual,,,,,
52,consultores y profesionales en auditorias y estudios ambientales,ambiente,13570,consultores y profesionales en auditorias y estudios ambientales,Ambiente y Espacio Público,Listado de profesionales- consultoras y consultores en auditorias y estudios ambientales.,Anual,,,,,
27,datos publicos,administracion,13420,datos publicos,SECR General y Relaciones Internacionales,Catálogo de datos públicos publicados en data.buenosaires.gob.ar,Mensual,,,,,
208,teatro colon programacion historica,cultura,12820,teatro colon: programacion historica,Cultura,Programación histórica del Teatro Colón desde el año 2010.,eventual,,,,,
3,cajeros automaticos,actividad_economica,11020,cajeros automaticos,Educación e Innovación,Listado de Cajeros Automáticos disponibles en la Ciudad de Buenos Aires.,Eventual,,,,,
37,plan de gobierno,administracion,9820,plan de gobierno,Jefatura de Gabinete de Ministros,Contiene los proyectos prioritarios del Gobierno de la Ciudad de Buenos Aires incluidos en el Plan de Gestión 2016-2019.,Eventual,,,,,
89,lugares de culto,cultura,9220,lugares de culto,SECR General y Relaciones Internacionales,Listado de Lugares de Culto de la Ciudad Autónoma de Buenos Aires.,Eventual,,,,,
130,bancos,obra,9220,bancos,Educación e Innovación,Información sobre bancos y bancos con adaptaciones para las personas con discapacidad motora- visual o auditiva.,Eventual,,,,,
172,metrobus,urbanismo,8920,metrobus,Educación e Innovación,Estaciones y recorrido del Metrobus.,Anual,,,,,
83,eventos de turismo de reuniones y eventos deportivos internacionales,cultura,8620,eventos de turismo de reuniones y eventos deportivos internacionales,SECR General y Relaciones Internacionales,Listado de eventos (congresos- simposios- ferias- etc.) que se realizarán durante el corriente año en la Ciudad Autónoma de Buenos Aires.,Mensual,,,,,
108,encuesta joven,educacion,7870,encuesta joven,Vicejefatura de Gobierno,Estudio que se realiza cada dos años y tiene como finalidad disponer de información sistemática y confiable sobre hábitos- costumbres y problemáticas de la población de 15 a 29 años de la Ciudad para el diagnóstico- formulación e implementación de políticas públicas.,Eventual,,,,,
82,eventos culturales de la sspcyna,cultura,7570,eventos culturales de la sspcyna,Cultura,Registro de eventos a cargo de la Subsecretaría de Políticas Culturales y Nuevas Audiencias dependiente del Ministerio de Cultura,Mensual,,,,,
131,bicicleteros en via publica,obra,7570,bicicleteros en via publica,Educación e Innovación,Listado de los bicicleteros instalados en la Ciudad de Buenos Aires con su respectiva dirección.,Trimestral,,,,,
9,empresas de fumigacion y desratizacion,actividad_economica,7120,empresas de fumigacion y desratizacion,Ambiente y Espacio Público,Registro de las empresas prestadoras de servicios de fumigación y desratización.,Anual,,,,,
40,puntos de atencion,administracion,6970,puntos de atencion,Gobierno,Ubicación y horarios de atención de diferentes oficinas de atención del gobieno.,Eventual,,,,,
150,organizaciones sociales,salud,6970,organizaciones sociales,Educación e Innovación,Registro de las Organizaciones Sociales de la Ciudad de Buenos Aires.,Semestral,,,,,
101,verano en la ciudad,cultura,6520,verano en la ciudad,Cultura,Programación de actividades gratuitas al aire libre organizadas por el Gobierno de la Ciudad de Buenos Aires.,Eventual,,,,,
146,hogares y paradores,salud,6520,hogares y paradores,Hábitat y Desarrollo Humano,Ubicación de los hogares de tránsito- paradores nocturnos y hogares para personas con necesidades especiales que se encuentran en situación de calle.,Anual,,,,,
5,concesiones,actividad_economica,6070,concesiones,Educación e Innovación,Rubro- ubicación- dirección- concesión y vencimiento de las concesiones realizadas por el GCBA,Eventual,,,,,
16,inspectores y verificadores de la agc,actividad_economica,5620,inspectores y verificadores de la agc,AGC,Registros de Profesionales Verificadores- peritos profesionales especializados en el rubro de la construcción administrado por la Agencia Gubernamental de Control (AGC),Trimestral,,,,,
20,vigiladores de locales bailables,actividad_economica,5620,vigiladores de locales bailables,AGC,Registro de vigiladores de locales bailables,Mensual,,,,,
34,geriatricos,administracion,5620,geriatricos,Educación e Innovación,Geriátricos ubicados en la Ciudad Autónoma de Buenos Aires,Anual,,,,,
199,puntos de wi fi publicos,obra,5620,puntos de wi-fi publicos,Educación e Innovación,Listado de los puntos de red de conexión a internet inalámbrica gratuita ubicados en plazas- parques- sedes comunales y bibliotecas de la Ciudad Autónoma de Buenos Aires,Semestral,trip,wifi.csv,,,
182,residuos patogenicos,urbanismo,5470,residuos patogenicos,Ambiente y Espacio Público,Registro de los transportistas- operadores y generadores de residuos patogénicos de la ciudad.,Eventual,,,,,
30,edificios publicos del gcba,administracion,5020,edificios publicos del gcba,Educación e Innovación,Bienes inmuebles dominio de la Ciudad Autónoma de Buenos Aires o alquilados que están siendo utilizados como dependencias públicas del Gobierno de la Ciudad,Eventual,,,,,
35,organigrama,administracion,5020,organigrama,Economía y Finanzas,Estructura organizacional del Gobierno de la Ciudad. Contiene la administración centralizada y los entes fuera de nivel.,Mensual,,,,,
62,alojamientos turisticos,cultura,5020,alojamientos turisticos,SECR General y Relaciones Internacionales,Listado de alojamientos categorizados por el Ente de Turismo e inscriptos en el Registro de Prestadores Turísticos.,Anual,,,,,
103,catalogo centralizado de la red de bibliotecas publicas,cultura,5000,catalogo centralizado de la red de bibliotecas publicas,Cultura,Libros disponibles en las 29 bibliotecas de la red- con información de cada ejemplar y de la biblioteca donde se encuentra.,Semestral,,,,,
188,edificios publicos en 3d,urbanismo,5000,edificios publicos en 3d,Desarrollo Urbano y Transporte,Relevamiento planialtimétrico y fotográfico de determinados lugares de la Ciudad de Buenos Aires.,Eventual,,,,,
189,mapa interactivo,urbanismo,5000,mapa interactivo,Educación e Innovación,API del Mapa de Buenos Aires.,Tiempo real,,,,,
190,planchetas codigo de planeamiento urbano,urbanismo,5000,planchetas codigo de planeamiento urbano,Desarrollo Urbano y Transporte,Contiene las Planchetas del Código Planeamiento Urbano,Bianual,,,,,
97,redes sociales,cultura,4570,redes sociales,SECR de Medios,Listado de las redes oficiales del Gobierno de la Ciudad.,Semestral,,,,,
204,subte estaciones,movilidad,4570,subte: estaciones,Educación e Innovación,Referencia geográfica de las líneas y estaciones de subte.,Anual,,,,,
92,murales,cultura,4270,murales,Cultura,Listado de murales relevados por la Comisión para la Preservación del Patrimonio Histórico Cultural de la Ciudad de Buenos Aires.,Eventual,,,,,
100,shakespeare buenos aires,cultura,4120,shakespeare buenos aires,Cultura,Programación del evento Shakespeare Buenos Aires y barrios en donde se realiza.,Eventual,,,,,
113,universidades,educacion,3970,universidades,Educación e Innovación,Listado con referencia geográfica y datos de contacto de las Universidades en la Ciudad.,Eventual,,,,,
10,empresas de limpieza de tanques de agua,actividad_economica,3820,empresas de limpieza de tanques de agua,Ambiente y Espacio Público,Listado de las empresas habilitadas para la limpieza de tanques de agua.,Anual,,,,,
125,paradas de taxis,movilidad,3370,paradas de taxis,Desarrollo Urbano y Transporte,Ubicación de las paradas de Taxi habilitadas en la Ciudad de Buenos Aires. Además se encuentra la cantidad de vehículos que puede tener cada parada.,Trimestral,,,,,
15,inspectores de la agip,actividad_economica,3220,inspectores de la agip,Economía y Finanzas,Listado de los inspectores de la Dirección General de Rentas.,Eventual,,,,,
70,buenos aires danza contemporanea,cultura,3070,buenos aires danza contemporanea,Cultura,Contiene una lista con los eventos y actividades donde puede apreciarse la danza contemporánea en la Ciudad.,Eventual,,,,,
73,clubes,cultura,2920,clubes,Educación e Innovación,Listado georreferenciado de los clubes de barrio de la Ciudad de Buenos Aires.,Anual,,,,,
159,sitios posibles de anegamiento,seguridad,2920,sitios posibles de anegamiento,Educación e Innovación,Información correspondiente a las calles posibles de anegamientos por precipitación.,Anual,,,,,
74,complejo teatral,cultura,2770,complejo teatral,Cultura,Información de las obras ofrecidas en los Teatros (San Martín- Sarmiento- Regio y De la Ribera) desde Enero a Diciembre 2017.,Mensual,,,,,
13,empresas distrito tecnologico,actividad_economica,2620,empresas distrito tecnologico,Educación e Innovación,Registro de empresas que ejercen sus actividades en el distrito tecnológico de la Ciudad de Buenos Aires.,Semestral,,,,,
90,medios vecinales,cultura,2470,medios vecinales,Jefatura de Gabinete de Ministros,Registro de medios de comunicación vecinales de la ciudad.,Anual,,,,,
201,seguimiento de obras adjudicadas soa,administracion,2470,seguimiento de obras adjudicadas (soa),Desarrollo Urbano y Transporte,Listado de las Grandes Obras Adjudicadas por el Ministerio de Desarrollo Urbano de la Ciudad de Buenos Aires.,Eventual,,,,,
77,editoriales independientes,cultura,2320,editoriales independientes,Educación e Innovación,Catálogo de editoriales independientes pequeñas y medianas.,Anual,,,,,
122,estaciones bicicletas publicas,movilidad,2320,estaciones bicicletas publicas,Educación e Innovación,Nombre- ID- referencia geográfica- dirección- latitud y longitud- de las estaciones de bicicletas.,Trimestral,matrix,bici.csv,,,
198,medicion de radiaciones no ionizantes rni,ambiente,2320,medicion de radiaciones no ionizantes (rni),Ambiente y Espacio Público,Datos expuestos en el mapa que permiten conocer el rango de las frecuencias y el valor de medición máximo registrado sobre Radiaciones No Ionizantes (RNI).,Eventual,,,,,
14,grandes contribuyentes,actividad_economica,2170,grandes contribuyentes,Economía y Finanzas,CUIT y razón social de los grandes contribuyentes según la Administración Gubernamental de Ingresos Públicos (AGIP).,Eventual,,,,,
18,recaudacion impositiva,actividad_economica,2170,recaudacion impositiva,Economía y Finanzas,Ingresos Tributarios recaudados por la Dirección General de Rentas por tipo de impuesto.,Eventual,,,,,
78,empresas audiovisuales,cultura,2170,empresas audiovisuales,Educación e Innovación,Registro de Empresas Audiovisuales radicadas en el distrito audiovisual.,Semestral,,,,,
116,camaras fijas de control vehicular,movilidad,2020,camaras fijas de control vehicular,Desarrollo Urbano y Transporte,"Cámaras de control vehicular ubicadas en la Ciudad de Buenos Aires excepto aquellas que tienen por objetivo el control del uso correcto de carriles exclusivos establecidos para la circulación de transporte público, como así también el cumplimiento del ingreso vehicular dispuesto a un área restringida.",Mensual,,,,,
95,parroquias,cultura,1870,parroquias,Educación e Innovación,Listado de Parroquias situadas en la Ciudad de Buenos Aires,Eventual,,,,,
183,secciones,urbanismo,1870,secciones,Educación e Innovación,Secciones Catastrales de la Ciudad de Buenos Aires.,Anual,,,,,
86,gimnasios,cultura,1720,gimnasios,AGC,Registro de gimnasios habilitados en la Ciudad Autónoma de Buenos Aires por la Agencia Gubernamental de Control (AGC).,Mensual,,,,,
136,centros de atencion veterinaria,salud,1720,centros de atencion veterinaria,Ambiente y Espacio Público,Ubicación de los centros fijos y móviles de atención veterinaria que brindan servicio de castraciones y atenciones clínicas totalmente gratuitas en la Ciudad.,Semanal,,,,,
167,circuitos electorales,urbanismo,1720,circuitos electorales,Justicia y Seguridad,Ubicación geográfica de los circuitos electorales de la Ciudad de Buenos Aires correspondientes a las elecciones de 2011.,Eventual,,,,,
212,ciudad limpia - campaña responsable,administracion,1657,ciudad limpia - campana responsable,Ambiente y Espacio Público,"Información de las inspecciones realizadas por la Dirección General de Fiscalización del Espacio Público en relación al compromiso ""Ciudad limpia- campaña responsable"" asumido por los partidos políticos porteños. ",Eventual,,,,,
57,inspectores y verificadores de ambiente y espacio publico,ambiente,1570,inspectores y verificadores de ambiente y espacio publico,Ambiente y Espacio Público,Nombre- apellido- legajo- Dirección General y responsable de los inspectores y verificadores en servicio.,Mensual,,,,,
132,fuentes,obra,1570,fuentes,Educación e Innovación,Registro con las fuentes distribuidas en espacios verdes o en vía pública de la ciudad.,Anual,,,,,
112,senderos seguros,educacion,1420,senderos seguros,Justicia y Seguridad,"Ubicación y extensión de los Senderos Seguros del programa ""Escuelas Seguras"".",Semestral,,,,,
11,empresas del distrito de las artes,actividad_economica,1270,empresas del distrito de las artes,Educación e Innovación,Registro de empresas que ejercen sus actividades en el Distrito de las Artes de la Ciudad de Buenos Aires.,Semestral,,,,,
195,inspectores de trabajo industria y comercio,actividad_economica,1270,inspectores de trabajo- industria y comercio,Gobierno,Inspectores de Trabajo- Industria y Comercio,Semestral,,,,,
115,bicicleterias,movilidad,1120,bicicleterias,Educación e Innovación,Listado de bicicleterías de la Ciudad. Incluye nombre- dirección- teléfono- pagina web- barrio y comuna.,Trimestral,,,,,
133,intervenciones peatonales,obra,1120,intervenciones peatonales,Desarrollo Urbano y Transporte,Tipos de intervenciones peatonales que se registran en la Ciudad de Buenos Aires.,Trimestral,,,,,
79,establecimientos gastronomicos,cultura,970,establecimientos gastronomicos,Educación e Innovación,Establecimientos gastronómicos inscriptos en el Registro de Prestadores Turísticos de la Ciudad Autónoma de Buenos Aires.,Trimestral,,,,,
96,productoras de eventos masivos,cultura,970,productoras de eventos masivos,Justicia y Seguridad,Personas físicas o jurídicas que desarrollan la actividad de Productoras de Eventos Masivos.,Mensual,,,,,
119,comercios con beneficios a ciclistas,movilidad,970,comercios con beneficios a ciclistas,Educación e Innovación,"Listado de comercios adheridos al programa ""Comercios Amigos de la Movilidad Saludable"" que brindan beneficios y estacionamiento para ciclistas.",Trimestral,,,,,
200,registro de fabricantes reparadores y recargadores de extintores,actividad_economica,970,registro de fabricantes- reparadores y recargadores de extintores,AGC,Registro de fabricantes- reparadores- instaladores y mantenedores de Instalaciones Fijas contra Incendios que comprende a los Sistemas de Hidrantes (mangueras)- Rociadores y Detectores.,Trimestral,,,,,
26,consulados,administracion,820,consulados,Educación e Innovación,Listado con referencia geográfica y datos de contacto de los Consulados en la Ciudad.,Eventual,,,,,
33,embajadas,administracion,820,embajadas,Educación e Innovación,Listado con referencia geográfica y datos de contacto de las Embajadas en la Ciudad.,Eventual,,,,,
58,plantas nativas de la reserva ecologica costanera sur,ambiente,820,plantas nativas de la reserva ecologica costanera sur,Ambiente y Espacio Público,Información acerca de Plantas Nativas de la Reserva Ecológica Costanera Sur.,Trimestral,,,,,
139,centros de primera infancia,salud,820,centros de primera infancia,Hábitat y Desarrollo Humano,Ubicación de los diferentes Centros de Primera Infancia que se encuentran en la Ciudad de Buenos Aires.,anual,,,,,
56,inspectores apra,ambiente,670,inspectores apra,Ambiente y Espacio Público,Registro de inspectores de la Agencia de Protección Ambiental (APRA).,Anual,,,,,
60,relojes solares,ambiente,670,relojes solares,Educación e Innovación,Ubicación geográfica de los relojes solares instalados en la vía pública.,Anual,,,,,
140,centros de salud privados,salud,670,centros de salud privados,Educación e Innovación,Nombre- teléfono y dirección de hospitales- sanatorios y clínicas privadas de la Ciudad de Buenos Aires.,Eventual,,,,,
22,barrios,administracion,520,barrios,Educación e Innovación,Límites y ubicación geográfica de los barrios de la Ciudad.,Eventual,,,,,
64,ba diversa,cultura,520,ba diversa,Educación e Innovación,Información sobre el festival que celebra la Ciudad al colectivo LGBTIQ con actividades culturales y de negocios. El festival BA Diversa cuenta con intervenciones artísticas en diferentes puntos de la ciudad.,anual,,,,,
87,iglesias,cultura,520,iglesias,Educación e Innovación,Listado de Iglesias de la Ciudad de Buenos Aires.,Eventual,,,,,
121,estacionamientos concesionados de movilidad sustentable,movilidad,520,estacionamientos concesionados de movilidad sustentable,Educación e Innovación,Listado de las playas de estacionamiento concesionadas en la Ciudad. Incluye ubicación- comuna y punto WKT para geolocalización.,Trimestral,,,,,
123,estaciones de ferrocarril,movilidad,520,estaciones de ferrocarril,Educación e Innovación,Referencia geográfica de las líneas de ferrocarril en la Ciudad.,Eventual,,,,,
128,sensores de transito,movilidad,520,sensores de transito,Desarrollo Urbano y Transporte,Información de los sensores que contabilizan el flujo de tránsito en determinadas intersecciones de la Ciudad Autónoma de Buenos Aires.,Mensual,,,,,
153,comisarias policia de la ciudad,seguridad,520,comisarias policia de la ciudad,Educación e Innovación,Mapa de las comisarías de la Metropolitana de la ciudad. Incluye dirección- barrio- comuna y circunscripción.,Anual,,,,,
158,secciones policiales,seguridad,520,secciones policiales,Educación e Innovación,Mapa de límites y área de las secciones policiales de la Ciudad.,Eventual,,,,,
165,carteles luminosos,urbanismo,520,carteles luminosos,Desarrollo Urbano y Transporte,Carteles luminosos georreferenciados que informan a través de mensajes el estado de tránsito para los usuarios que circulan por las calles de la Ciudad de Buenos Aires.,Semestral,,,,,
207,teatro colon programacion actual,cultura,520,teatro colon: programacion actual,Cultura,Registro con links al Calendario de la programación del año corriente.,eventual,,,,,
102,agenda cultural,cultura,500,agenda cultural,-,Eventos culturales organizados en la Ciudad (Cine- música- visitas guiadas- artes visuales- teatro- exposiciones- aire libre- muestras- fotografía- pintura- danza- cursos y talleres- entre otros).,-,,,,,
8,emprendedores,actividad_economica,370,emprendedores,Educación e Innovación,Nombre- tipo de emprendimiento- dirección- página web de emprendedores de la Ciudad.,Semestral,,,,,
12,empresas del distrito del diseno,actividad_economica,370,empresas del distrito del diseño,Educación e Innovación,Registro de empresas que ejercen sus actividades en el Distrito del Diseño de la Ciudad de Buenos Aires.,Semestral,,,,,
61,agencias de viajes,cultura,370,agencias de viajes,SECR General y Relaciones Internacionales,Lista de agencias de viajes inscriptas en el Registro de Prestadores Turísticos de la Ciudad Autónoma de Buenos Aires.,Anual,,,,,
71,capillas,cultura,370,capillas,Educación e Innovación,Listado de Capillas de la Ciudad de Buenos Aires.,Eventual,,,,,
84,federaciones,cultura,370,federaciones,Educación e Innovación,Listado de Federaciones y Asociaciones deportivas de la Ciudad Autónoma de Buenos Aires.,Anual,,,,,
94,organizadores de exposiciones,cultura,370,organizadores de exposiciones,SECR General y Relaciones Internacionales,Registro de organizadores de congresos y exposiciones-operadores de predios feriales y centros de convenciones.,Anual,,,,,
126,premetro,movilidad,370,premetro,Educación e Innovación,Referencia geográfica de las lineas y estaciones del premetro.,Anual,,,,,
142,centros medicos barriales,salud,370,centros medicos barriales,Educación e Innovación,Ubicación de los Centros médicos en los distintos barrios de la Ciudad.,Anual,,,,,
144,estaciones saludables,salud,370,estaciones saludables,Educación e Innovación,Listado de ubicación- días y horarios de las Estaciones Saludables.,Semestral,,,,,
147,hospitales,salud,370,hospitales,Educación e Innovación,Hospitales de la Ciudad de Buenos Aires.,Anual,,,,,
180,recoleccion de residuos solidos secos,urbanismo,370,recoleccion de residuos solidos secos,Educación e Innovación,Zonas asignadas a cada cooperativa de recuperadores urbanos para recolectar los residuos sólidos secos.,Anual,,,,,
181,registro civil,urbanismo,370,registro civil,Gobierno,Sedes del Registro Civil.,Eventual,,,,,
193,centros de salud y accion comunitaria cesac,salud,370,centros de salud y accion comunitaria (cesac),Educación e Innovación,Ubicación geográfica de los Centros de Salud y Acción Comunitaria.,Anual,,,,,
104,eventos dir. gral. de musica,cultura,262,eventos dir. gral. de musica,Cultura,Eventos programados por la Dirección General de Música,eventual,,,,,
4,centro de integracion laboral,actividad_economica,220,centro de integracion laboral,Educación e Innovación,Listado con la ubicación geográfica- el horario de atención y el teléfono de las oficinas de empleo del Gobierno de la Ciudad.,Anual,,,,,
29,dependencias y sedes del ministerio publico fiscal,administracion,220,dependencias y sedes del ministerio publico fiscal,Educación e Innovación,Listado con Dependencias y Sedes del Ministerio Público Fiscal de la Ciudad de Buenos Aires.,Anual,,,,,
43,sedes comunales,administracion,220,sedes comunales,Educación e Innovación,Descripción del nombre- dirección de las sedes comunales de la Ciudad de Buenos Aires.,Anual,,,,,
69,bibliotecas,cultura,220,bibliotecas,Cultura,Listado con ubicación geográfica de las bibliotecas de la Red del Gobierno de la Ciudad Autónoma de Buenos Aires.,Anual,,,,,
80,estadios,cultura,220,estadios,Educación e Innovación,Listado de los Estadios de la Ciudad Autónoma de Buenos Aires. Nombre- Ubicación e Información de Contacto.,Eventual,,,,,
106,boleto estudiantil,educacion,220,boleto estudiantil,Jefatura de Gabinete de Ministros,Listado de oficinas para gestionar el boleto estudiantil en la Ciudad de Buenos Aires,Anual,,,,,
107,distritos escolares,educacion,220,distritos escolares,Educación e Innovación,Límites y ubicación geográfica de los distritos escolares de la Ciudad que surgieron a partir de la Ley de Educación Común (Ley N° 1.420/1884),Eventual,,,,,
111,juegotecas barriales,educacion,220,juegotecas barriales,Hábitat y Desarrollo Humano,Ubicación de los espacios dedicados a actividades lúdicas creativas con el objetivo de contribuir al desarrollo integral de los niños.,anual,,,,,
137,centros de desarrollo infantil,salud,220,centros de desarrollo infantil,Hábitat y Desarrollo Humano,Ubicación de los establecimientos preventivos de proyección social que atienden a niñas y niños desde los 45 días a los tres años.,anual,,,,,
138,centros de dia,salud,220,centros de dia,Hábitat y Desarrollo Humano,Ubicación- teléfono y horario de atención de los Centros de Día- espacios destinados a adultos mayores autoválidos de 60 años o más en los cuales se ofrecen talleres y actividades para favorecer la autonomía y el envejecimiento activo.,anual,,,,,
154,cuarteles y destacamentos de bomberos,seguridad,220,cuarteles y destacamentos de bomberos,Educación e Innovación,Listado con referencia geográfica y datos de contacto de los Cuarteles de Bomberos de la Policía Federal Argentina en la Ciudad.,Anual,,,,,
162,arroyos,urbanismo,220,arroyos,Educación e Innovación,Ubicación y nombre de los arroyos subterráneos de la Ciudad.,Eventual,,,,,
178,polideportivos,urbanismo,220,polideportivos,Vicejefatura de Gobierno,Listado de polideportivos dependientes de la Subsecretaría de Deportes.,Anual,,,,,
213,colectivos,movilidad,200,colectivos,Educación e Innovación,"Horarios e información geográfica asociada al transporte público de la Ciudad Autónoma de Buenos Aires- de acuerdo a la especificación general de feeds de transporte público (""GTFS""- por sus siglas en inglés)",Eventual,,,,,
161,personas buscadas,seguridad,127,personas buscadas,Jefatura de Gabinete de Ministros,Información de las personas buscadas en la ciudad de Buenos Aires,Mensual,,,,,
214,fabricantes- reparadores- instaladores y mantenedores de instalaciones fijas contra incendios,actividad_economica,97,fabricantes- reparadores- instaladores y mantenedores de instalaciones fijas contra incendios,AGC,Listado de fabricantes- reparadores- instaladores y mantenedores de Instalaciones Fijas Contra Incendios.,Trimestral,,,,,
6,distritos economicos,actividad_economica,70,distritos economicos,Educación e Innovación,Localización y límites geográficos de los distritos en los que se concentran actividades de la Ciudad de Buenos Aires.,Eventual,,,,,
25,comunas,administracion,70,comunas,Educación e Innovación,Información geográfica de la locación (perímetro y área) de las comunas de la Ciudad- establecidas a partir de la Ley Orgánica de Comunas (Ley Nº 1777/2005).,Eventual,,,,,
68,basilicas,cultura,70,basilicas,Educación e Innovación,Listado de Basílicas ubicadas en la Ciudad de Buenos Aires.,Eventual,,,,,
81,estudio urbano,cultura,70,estudio urbano,Cultura,Información sobre los cursos de capacitación sobre oficios vinculados por la música y las herramientas para la gestión de proyectos artísticos.,Semestral,,,,,
135,areas hospitalarias,salud,70,areas hospitalarias,Educación e Innovación,Alcance geográfico de las áreas programáticas de salud- las cuales recaen sobre los Hospitales Generales de Agudos del Ministerio de Salud.,Eventual,,,,,
141,centros integrales de la mujer,salud,70,centros integrales de la mujer,Hábitat y Desarrollo Humano,Ubicación de los Centros de la Mujer donde se brinda asistencia- orientación y acompañamiento a mujeres en situación de violencia doméstica y/o sexual.,anual,,,,,
166,centros de clasificacion de residuos,urbanismo,70,centros de clasificacion de residuos,Educación e Innovación,Ubicación geográfica de los Centros Verdes (infraestructuras que permiten tareas de selección- enfardado y acopio de materiales reciclables para posterior venta a la industria) que reciben material reciclable.,Anual,,,,,
185,unidades territoriales de inclusion urbana,urbanismo,70,unidades territoriales de inclusion urbana,Educación e Innovación,Delimitación geográfica de las Unidades Territoriales de Inclusión Urbana.,Anual,,,,,
187,zonas de recoleccion de residuos,urbanismo,70,zonas de recoleccion de residuos,Educación e Innovación,Zonas de recolección de residuos adjudicadas a cada empresa.,Anual,,,,,
215,lengua de señas,salud,10,lengua de señas,Hábitat y Desarrollo Humano,Registro de intérpretes de lengua de señas de la Ciudad de Buenos Aires.,Eventual,,,,,
211,casas de niñas- niños y adolescentes,salud,4,casas de niñas- niños y adolescentes,Hábitat y Desarrollo Humano,Ubicación de las Casas de Niñas- Niños y Adolescentes (espacios que buscan favorecer el ejercicio y promoción de los derechos de los chicos- estimulando su acceso y permanencia en las políticas públicas básicas)y sus horarios de atención.,Anual,,,,,
160,estacionamientos de motos,seguridad,,estacionamientos de motos,Educación e Innovación,Espacios exclusivos de estacionamiento de motos en microcentro peatonal específicamente,Anual,,,,,